{
"lengthUnit": "mil",
"components": {
	"fields": ["COMPONENT_NO", "COMPONENT_NAME", "LAYER", "X_COORDINATE", "Y_COORDINATE", "ANGLE"],
	"rows": [
		[1, "C1", "T", 737, -1627, 270],
		[2, "C3", "T", 2312, -1454, 270],
		[3, "C6", "T", 665, -1627, 270],
		[4, "C7", "T", 1323.69, -1563.38, 270],
		[5, "C8", "T", 839.02, -1672.7, 180],
		[6, "C10", "T", 2312, -1348, 270],
		[7, "C11", "T", 1370, -1489, 0],
		[8, "C12", "T", 969.02, -1672.92, 0],
		[9, "C13", "T", 1714.56, -1423, 180],
		[10, "C14", "T", 994.56, -1331.23, 0],
		[11, "C15", "T", 1041.86, -1246.99, 180],
		[12, "C16", "T", 1598, -943, 90],
		[13, "C17", "T", 994.56, -1428.23, 0],
		[14, "C18", "T", 3277.09, -1728.27, 180],
		[15, "C19", "T", 1043.87, -1198.71, 180],
		[16, "C20", "T", 2232, -1546, 180],
		[17, "C21", "T", 1981, -1676, 270],
		[18, "C22", "T", 1930, -1676, 270],
		[19, "C23", "T", 1252.58, -1246.99, 180],
		[20, "C26", "T", 1714.56, -1495, 180],
		[21, "C27", "T", 1714.56, -1349.31, 180],
		[22, "C28", "T", 3279.09, -1662.27, 180],
		[23, "C29", "T", 1880, -1675, 270],
		[24, "C30", "T", 2040, -1676, 90],
		[25, "C31", "T", 3149, -943, 90],
		[26, "C33", "T", 2225, -1484, 180],
		[27, "C34", "T", 2126, -1676, 90],
		[28, "C35", "T", 3692.01, -1384.21, 0],
		[29, "C36", "T", 3694.53, -1476.41, 0],
		[30, "C37", "T", 1146.87, -1246.99, 0],
		[31, "C38", "T", 1252.58, -1198.71, 180],
		[32, "C40", "T", 740, -1769, 270],
		[33, "C41", "T", 1146.87, -1198.71, 180],
		[34, "C42", "T", 1138.56, -1536.23, 180],
		[35, "C43", "T", 1667, -1619, 180],
		[36, "C48", "T", 1237, -1537, 180],
		[37, "C51", "T", 1517, -1228, 180],
		[38, "C54", "T", 1468, -942, 0],
		[39, "C55", "T", 3284, -942, 180],
		[40, "C56", "T", 1465, -1404, 0],
		[41, "C57", "T", 1465, -1450, 0],
		[42, "C58", "T", 1351, -1305, 0],
		[43, "C59", "T", 1350.6, -1351.4, 0],
		[44, "C60", "T", 1449, -1305, 0],
		[45, "C61", "T", 1449, -1351, 0],
		[46, "CRMX_A", "T", 3346, -127, 180],
		[47, "CRMX_B", "T", 1795, -127, 180],
		[48, "D1", "T", 320, -1729.33, 270],
		[49, "D2", "T", 320, -1862, 90],
		[50, "D3", "T", 320, -1584, 270],
		[51, "D4", "T", 320, -1663, 90],
		[52, "D5", "T", 274, -383, 90],
		[53, "D6", "T", 3549, -385, 90],
		[54, "D7", "T", 258, -942, 270],
		[55, "D8", "T", 3503, -1873, 270],
		[56, "D9", "T", 199, -1343, 90],
		[57, "D10", "T", 3555.24, -932.25, 90],
		[58, "D11", "T", 3503.17, -1958.65, 90],
		[59, "D12", "T", 3502, -1663, 270],
		[60, "D13", "T", 3502, -1799, 90],
		[61, "D14", "T", 3502, -1732, 270],
		[62, "D16", "T", 320, -1796.67, 90],
		[63, "ESP-07S", "T", 2872, -1429, 0],
		[64, "G_3_5", "T", 3411, -1396, 0],
		[65, "HUB", "T", 739, -1392, 180],
		[66, "IPAD", "T", 3658, -1765, 90],
		[67, "LED_A", "T", 3691.93, -155.51, 180],
		[68, "LED_B", "T", 126.97, -155.51, 0],
		[69, "MIDI", "T", 162, -1765, 270],
		[70, "NPN", "T", 1890, -777, 0],
		[71, "R1", "T", 301, -942, 270],
		[72, "R2", "T", 311, -139, 0],
		[73, "R3", "T", 2545, -1041, 90],
		[74, "R4", "T", 2956, -1042, 270],
		[75, "R5", "T", 3451, -1663, 270],
		[76, "R6", "T", 866, -1594, 270],
		[77, "R7", "T", 1000.56, -1528.23, 180],
		[78, "R8", "T", 3003, -1042, 90],
		[79, "R9", "T", 3070, -1041, 270],
		[80, "R10", "T", 2755, -1827, 90],
		[81, "R11", "T", 2834, -1827, 90],
		[82, "R12", "T", 2596, -1041, 90],
		[83, "R13", "T", 1000.56, -1479.23, 180],
		[84, "R14", "T", 1910, -890, 0],
		[85, "R15", "T", 3504, -151, 180],
		[86, "R16", "T", 1001.56, -1380.23, 180],
		[87, "R17", "T", 3511, -935, 270],
		[88, "R18", "T", 2188, -1668, 90],
		[89, "R20", "T", 2264, -1322, 270],
		[90, "R21", "T", 2263, -1191, 90],
		[91, "R22", "T", 1468.1, -1563.14, 180],
		[92, "R23", "T", 2907.25, -1041, 270],
		[93, "R24", "T", 3461, -1962, 90],
		[94, "R25", "T", 2264, -1404, 90],
		[95, "R26", "T", 361, -1866.16, 90],
		[96, "R27", "T", 2598, -1827, 270],
		[97, "R28", "T", 2754, -1041, 90],
		[98, "R29", "T", 363, -1588, 270],
		[99, "R30", "T", 1889, -638, 270],
		[100, "R31", "T", 1889, -459, 270],
		[101, "R32", "T", 3399, -641, 270],
		[102, "R33", "T", 3399, -541, 270],
		[103, "R38", "T", 1617, -1312, 180],
		[104, "R39", "T", 1617, -1267, 0],
		[105, "R40", "T", 1538, -1300, 180],
		[106, "R41", "T", 1538, -1353, 180],
		[107, "R42", "T", 1589, -1495, 0],
		[108, "RN1", "T", 1909.1, -1066.85, 0],
		[109, "RN2", "T", 2075.1, -1066.85, 0],
		[110, "SMA_A", "T", 3658, -370, 270],
		[111, "SMA_B", "T", 160, -369, 90],
		[112, "SR9900A", "T", 1190.87, -1402.28, 90],
		[113, "SW_A", "T", 3687, -940, 90],
		[114, "SW_B", "T", 132.09, -943.46, 270],
		[115, "SW_RST", "T", 65, -1330, 270],
		[116, "UFL_A", "T", 3477, -373, 180],
		[117, "UFL_B", "T", 349, -370, 0],
		[118, "W5500", "T", 1973.1, -1401.85, 270],
		[119, "X_HUB", "T", 900.48, -1790.1, 180],
		[120, "X_SR9900A", "T", 1191, -1635, 180],
		[121, "X_W5", "T", 2416, -1407, 90]
	]
},
"pins": {
	"fields": ["PIN_NO", "PIN_NAME", "PIN_X", "PIN_Y", "LAYER", "PIN_TYPE", "NET_NAME", "NET_TYPE", "PAD_SHAPE", "PAD_SIZEX", "PAD_SIZEY", "HOLE_SIZE", "PAD_ANGLE"],
	"rows": [
		[1, "C1_1", 737, -1599.44, "T", "SMD", "$1N42", "", "R", 31.5, 35.43, 0, 270],
		[2, "C1_2", 737, -1654.56, "T", "SMD", "GND", "GND", "R", 31.5, 35.43, 0, 270],
		[3, "C3_1", 2312, -1432.54, "T", "SMD", "XI", "", "R", 31.11, 21.26, 0, 270],
		[4, "C3_2", 2312, -1475.46, "T", "SMD", "GND", "GND", "R", 31.11, 21.26, 0, 270],
		[5, "C6_1", 665, -1599.44, "T", "SMD", "+5V", "", "R", 31.5, 35.43, 0, 270],
		[6, "C6_2", 665, -1654.56, "T", "SMD", "GND", "GND", "R", 31.5, 35.43, 0, 270],
		[7, "C7_1", 1323.69, -1541.92, "T", "SMD", "1V2_VDD", "", "R", 31.11, 21.26, 0, 270],
		[8, "C7_2", 1323.69, -1584.84, "T", "SMD", "GND", "GND", "R", 31.11, 21.26, 0, 270],
		[9, "C8_1", 866.58, -1672.7, "T", "SMD", "$1N171", "", "R", 31.5, 35.43, 0, 180],
		[10, "C8_2", 811.46, -1672.7, "T", "SMD", "GND", "GND", "R", 31.5, 35.43, 0, 180],
		[11, "C10_1", 2312, -1326.54, "T", "SMD", "GND", "GND", "R", 31.11, 21.26, 0, 270],
		[12, "C10_2", 2312, -1369.46, "T", "SMD", "XO", "", "R", 31.11, 21.26, 0, 270],
		[13, "C11_1", 1348.54, -1489, "T", "SMD", "3V3", "", "R", 31.11, 21.26, 0, 0],
		[14, "C11_2", 1391.46, -1489, "T", "SMD", "GND", "GND", "R", 31.11, 21.26, 0, 0],
		[15, "C12_1", 941.46, -1672.92, "T", "SMD", "$1N39", "", "R", 31.5, 35.43, 0, 0],
		[16, "C12_2", 996.58, -1672.92, "T", "SMD", "GND", "GND", "R", 31.5, 35.43, 0, 0],
		[17, "C13_1", 1736.02, -1423, "T", "SMD", "3V3", "", "R", 31.11, 21.26, 0, 180],
		[18, "C13_2", 1693.1, -1423, "T", "SMD", "GND", "GND", "R", 31.11, 21.26, 0, 180],
		[19, "C14_1", 973.1, -1331.23, "T", "SMD", "GND", "GND", "R", 31.11, 21.26, 0, 0],
		[20, "C14_2", 1016.02, -1331.23, "T", "SMD", "3V3", "", "R", 31.11, 21.26, 0, 0],
		[21, "C15_1", 1063.32, -1246.99, "T", "SMD", "$1N25", "", "R", 31.11, 21.26, 0, 180],
		[22, "C15_2", 1020.4, -1246.99, "T", "SMD", "GND", "GND", "R", 31.11, 21.26, 0, 180],
		[23, "C16_1", 1598, -964.46, "T", "SMD", "GND_B", "", "R", 31.11, 21.26, 0, 90],
		[24, "C16_2", 1598, -921.54, "T", "SMD", "3V3", "", "R", 31.11, 21.26, 0, 90],
		[25, "C17_1", 973.1, -1428.23, "T", "SMD", "GND", "GND", "R", 31.11, 21.26, 0, 0],
		[26, "C17_2", 1016.02, -1428.23, "T", "SMD", "1V2_VDD", "", "R", 31.11, 21.26, 0, 0],
		[27, "C18_1", 3298.55, -1728.27, "T", "SMD", "GND", "GND", "R", 31.11, 21.26, 0, 180],
		[28, "C18_2", 3255.63, -1728.27, "T", "SMD", "3V3", "", "R", 31.11, 21.26, 0, 180],
		[29, "C19_1", 1065.33, -1198.71, "T", "SMD", "$1N25", "", "R", 31.11, 21.26, 0, 180],
		[30, "C19_2", 1022.41, -1198.71, "T", "SMD", "GND", "GND", "R", 31.11, 21.26, 0, 180],
		[31, "C20_1", 2259.56, -1546, "T", "SMD", "GND", "GND", "R", 31.5, 35.43, 0, 180],
		[32, "C20_2", 2204.44, -1546, "T", "SMD", "3V3", "", "R", 31.5, 35.43, 0, 180],
		[33, "C21_1", 1981, -1654.54, "T", "SMD", "3V3", "", "R", 31.11, 21.26, 0, 270],
		[34, "C21_2", 1981, -1697.46, "T", "SMD", "GND", "GND", "R", 31.11, 21.26, 0, 270],
		[35, "C22_1", 1930, -1654.54, "T", "SMD", "3V3", "", "R", 31.11, 21.26, 0, 270],
		[36, "C22_2", 1930, -1697.46, "T", "SMD", "GND", "GND", "R", 31.11, 21.26, 0, 270],
		[37, "C23_1", 1274.04, -1246.99, "T", "SMD", "GND", "GND", "R", 31.11, 21.26, 0, 180],
		[38, "C23_2", 1231.12, -1246.99, "T", "SMD", "1V2_VDD", "", "R", 31.11, 21.26, 0, 180],
		[39, "C26_1", 1736.02, -1495, "T", "SMD", "3V3", "", "R", 31.11, 21.26, 0, 180],
		[40, "C26_2", 1693.1, -1495, "T", "SMD", "GND", "GND", "R", 31.11, 21.26, 0, 180],
		[41, "C27_1", 1736.02, -1349.31, "T", "SMD", "3V3", "", "R", 31.11, 21.26, 0, 180],
		[42, "C27_2", 1693.1, -1349.31, "T", "SMD", "GND", "GND", "R", 31.11, 21.26, 0, 180],
		[43, "C28_1", 3306.65, -1662.27, "T", "SMD", "GND", "GND", "R", 31.5, 35.43, 0, 180],
		[44, "C28_2", 3251.53, -1662.27, "T", "SMD", "3V3", "", "R", 31.5, 35.43, 0, 180],
		[45, "C29_1", 1880, -1653.54, "T", "SMD", "3V3", "", "R", 31.11, 21.26, 0, 270],
		[46, "C29_2", 1880, -1696.46, "T", "SMD", "GND", "GND", "R", 31.11, 21.26, 0, 270],
		[47, "C30_1", 2040, -1703.56, "T", "SMD", "GND", "GND", "R", 31.5, 35.43, 0, 90],
		[48, "C30_2", 2040, -1648.44, "T", "SMD", "3V3", "", "R", 31.5, 35.43, 0, 90],
		[49, "C31_1", 3149, -964.46, "T", "SMD", "GND", "GND", "R", 31.11, 21.26, 0, 90],
		[50, "C31_2", 3149, -921.54, "T", "SMD", "3V3", "", "R", 31.11, 21.26, 0, 90],
		[51, "C33_1", 2246.46, -1484, "T", "SMD", "GND", "GND", "R", 31.11, 21.26, 0, 180],
		[52, "C33_2", 2203.54, -1484, "T", "SMD", "3V3", "", "R", 31.11, 21.26, 0, 180],
		[53, "C34_1", 2126, -1703.56, "T", "SMD", "GND", "GND", "R", 31.5, 35.43, 0, 90],
		[54, "C34_2", 2126, -1648.44, "T", "SMD", "$1N108", "", "R", 31.5, 35.43, 0, 90],
		[55, "C35_1", 3670.55, -1384.21, "T", "SMD", "GND", "GND", "R", 31.11, 21.26, 0, 0],
		[56, "C35_2", 3713.47, -1384.21, "T", "SMD", "+5V", "", "R", 31.11, 21.26, 0, 0],
		[57, "C36_1", 3655.16, -1476.41, "T", "SMD", "GND", "GND", "R", 55.51, 53.15, 0, 0],
		[58, "C36_2", 3733.9, -1476.41, "T", "SMD", "+5V", "", "R", 55.51, 53.15, 0, 0],
		[59, "C37_1", 1125.41, -1246.99, "T", "SMD", "GND", "GND", "R", 31.11, 21.26, 0, 0],
		[60, "C37_2", 1168.33, -1246.99, "T", "SMD", "3V3", "", "R", 31.11, 21.26, 0, 0],
		[61, "C38_1", 1274.04, -1198.71, "T", "SMD", "GND", "GND", "R", 31.11, 21.26, 0, 180],
		[62, "C38_2", 1231.12, -1198.71, "T", "SMD", "1V2_VDD", "", "R", 31.11, 21.26, 0, 180],
		[63, "C40_1", 740, -1741.44, "T", "SMD", "$1N168", "", "R", 31.5, 35.43, 0, 270],
		[64, "C40_2", 740, -1796.56, "T", "SMD", "GND", "GND", "R", 31.5, 35.43, 0, 270],
		[65, "C41_1", 1168.33, -1198.71, "T", "SMD", "3V3", "", "R", 31.11, 21.26, 0, 180],
		[66, "C41_2", 1125.41, -1198.71, "T", "SMD", "GND", "GND", "R", 31.11, 21.26, 0, 180],
		[67, "C42_1", 1160.02, -1536.23, "T", "SMD", "$1N33", "", "R", 31.11, 21.26, 0, 180],
		[68, "C42_2", 1117.1, -1536.23, "T", "SMD", "GND", "GND", "R", 31.11, 21.26, 0, 180],
		[69, "C43_1", 1729.7, -1619, "T", "SMD", "3V3", "", "R", 58.47, 68.03, 0, 180],
		[70, "C43_2", 1604.3, -1619, "T", "SMD", "GND", "GND", "R", 58.47, 68.03, 0, 180],
		[71, "C48_1", 1258.46, -1537, "T", "SMD", "GND", "GND", "R", 31.11, 21.26, 0, 180],
		[72, "C48_2", 1215.54, -1537, "T", "SMD", "$1N32", "", "R", 31.11, 21.26, 0, 180],
		[73, "C51_1", 1538.46, -1228, "T", "SMD", "$1N17312", "", "R", 31.11, 21.26, 0, 180],
		[74, "C51_2", 1495.54, -1228, "T", "SMD", "GND", "GND", "R", 31.11, 21.26, 0, 180],
		[75, "C54_1", 1405.3, -942, "T", "SMD", "GND_B", "", "R", 58.47, 68.03, 0, 0],
		[76, "C54_2", 1530.7, -942, "T", "SMD", "3V3", "", "R", 58.47, 68.03, 0, 0],
		[77, "C55_1", 3346.7, -942, "T", "SMD", "GND", "GND", "R", 58.47, 68.03, 0, 180],
		[78, "C55_2", 3221.3, -942, "T", "SMD", "3V3", "", "R", 58.47, 68.03, 0, 180],
		[79, "C56_1", 1443.54, -1404, "T", "SMD", "/TXN", "", "R", 31.11, 21.26, 0, 0],
		[80, "C56_2", 1486.46, -1404, "T", "SMD", "TXN", "", "R", 31.11, 21.26, 0, 0],
		[81, "C57_1", 1443.54, -1450, "T", "SMD", "/TXP", "", "R", 31.11, 21.26, 0, 0],
		[82, "C57_2", 1486.46, -1450, "T", "SMD", "TXP", "", "R", 31.11, 21.26, 0, 0],
		[83, "C58_1", 1329.54, -1305, "T", "SMD", "/RXN", "", "R", 31.11, 21.26, 0, 0],
		[84, "C58_2", 1372.46, -1305, "T", "SMD", "RXN", "", "R", 31.11, 21.26, 0, 0],
		[85, "C59_1", 1329.14, -1351.4, "T", "SMD", "/RXP", "", "R", 31.11, 21.26, 0, 0],
		[86, "C59_2", 1372.06, -1351.4, "T", "SMD", "RXP", "", "R", 31.11, 21.26, 0, 0],
		[87, "C60_1", 1427.54, -1305, "T", "SMD", "RXN", "", "R", 31.11, 21.26, 0, 0],
		[88, "C60_2", 1470.46, -1305, "T", "SMD", "$1N17252", "", "R", 31.11, 21.26, 0, 0],
		[89, "C61_1", 1427.54, -1351, "T", "SMD", "RXP", "", "R", 31.11, 21.26, 0, 0],
		[90, "C61_2", 1470.46, -1351, "T", "SMD", "$1N17235", "", "R", 31.11, 21.26, 0, 0],
		[91, "CRMX_A_1", 3296.76, -756.92, "T", "SMD", "GND", "GND", "R", 39.37, 31.5, 0, 180],
		[92, "CRMX_A_2", 3296.71, -678.18, "T", "SMD", "$1N6225", "", "R", 39.37, 31.5, 0, 180],
		[93, "CRMX_A_3", 3296.71, -599.44, "T", "SMD", "$1N6235", "", "R", 39.37, 31.5, 0, 180],
		[94, "CRMX_A_4", 3296.71, -520.7, "T", "SMD", "CRMX_A_4", "", "R", 39.37, 31.5, 0, 180],
		[95, "CRMX_A_5", 3296.71, -441.96, "T", "SMD", "$1N6238", "", "R", 39.37, 31.5, 0, 180],
		[96, "CRMX_A_6", 3296.76, -363.22, "T", "SMD", "CRMX_A_6", "", "R", 39.37, 31.5, 0, 180],
		[97, "CRMX_A_7", 3296.76, -284.48, "T", "SMD", "GND", "GND", "R", 39.37, 31.5, 0, 180],
		[98, "CRMX_A_8", 3296.71, -205.74, "T", "SMD", "CRMX_A_8", "", "R", 39.37, 31.5, 0, 180],
		[99, "CRMX_A_9", 3227.89, -153.97, "T", "SMD", "GND", "GND", "O", 55.12, 109.84, 0, 180],
		[100, "CRMX_A_10", 3149.15, -153.97, "T", "SMD", "CRMX_A_10", "", "O", 55.12, 109.84, 0, 180],
		[101, "CRMX_A_11", 3070.41, -153.97, "T", "SMD", "CRMX_A_11", "", "O", 55.12, 109.84, 0, 180],
		[102, "CRMX_A_12", 2991.67, -153.97, "T", "SMD", "TX_CRMX_A", "", "O", 55.12, 109.84, 0, 180],
		[103, "CRMX_A_13", 2912.93, -153.97, "T", "SMD", "CRMX_A_13", "", "O", 55.12, 109.84, 0, 180],
		[104, "CRMX_A_14", 2834.19, -153.97, "T", "SMD", "CRMX_A_14", "", "O", 55.12, 109.84, 0, 180],
		[105, "CRMX_A_15", 2755.45, -153.97, "T", "SMD", "CRMX_A_15", "", "O", 55.12, 109.84, 0, 180],
		[106, "CRMX_A_16", 2676.71, -153.97, "T", "SMD", "CRMX_A_16", "", "O", 55.12, 109.84, 0, 180],
		[107, "CRMX_A_17", 2597.97, -153.97, "T", "SMD", "CRMX_A_17", "", "O", 55.12, 109.84, 0, 180],
		[108, "CRMX_A_18", 2519.23, -153.97, "T", "SMD", "CRMX_A_18", "", "O", 55.12, 109.84, 0, 180],
		[109, "CRMX_A_19", 2440.49, -153.97, "T", "SMD", "CRMX_A_19", "", "O", 55.12, 109.84, 0, 180],
		[110, "CRMX_A_20", 2361.75, -153.97, "T", "SMD", "CRMX_A_20", "", "O", 55.12, 109.84, 0, 180],
		[111, "CRMX_A_21", 2283.01, -153.97, "T", "SMD", "CRMX_A_21", "", "O", 55.12, 109.84, 0, 180],
		[112, "CRMX_A_22", 2204.27, -153.97, "T", "SMD", "GND", "GND", "O", 55.12, 109.84, 0, 180],
		[113, "CRMX_A_23", 2125.53, -153.97, "T", "SMD", "GND", "GND", "O", 55.12, 109.84, 0, 180],
		[114, "CRMX_A_24", 2078.28, -205.74, "T", "SMD", "GND", "GND", "R", 39.37, 31.5, 0, 180],
		[115, "CRMX_A_25", 2078.28, -571.88, "T", "SMD", "GND", "GND", "R", 39.37, 31.5, 0, 180],
		[116, "CRMX_A_26", 2361.75, -828.57, "T", "SMD", "GND", "GND", "O", 55.12, 109.84, 0, 180],
		[117, "CRMX_A_27", 2440.49, -828.57, "T", "SMD", "GND", "GND", "O", 55.12, 109.84, 0, 180],
		[118, "CRMX_A_28", 2519.23, -828.57, "T", "SMD", "CRMX_A_28", "", "O", 55.12, 109.84, 0, 180],
		[119, "CRMX_A_29", 2597.97, -828.57, "T", "SMD", "CRMX_A_29", "", "O", 55.12, 109.84, 0, 180],
		[120, "CRMX_A_30", 2676.71, -828.57, "T", "SMD", "GND", "GND", "O", 55.12, 109.84, 0, 180],
		[121, "CRMX_A_31", 2755.45, -828.57, "T", "SMD", "CRMX_A_31", "", "O", 55.12, 109.84, 0, 180],
		[122, "CRMX_A_32", 2834.19, -828.57, "T", "SMD", "$1N18131", "", "O", 55.12, 109.84, 0, 180],
		[123, "CRMX_A_33", 2912.93, -828.57, "T", "SMD", "$1N2395", "", "O", 55.12, 109.84, 0, 180],
		[124, "CRMX_A_34", 2991.67, -828.57, "T", "SMD", "CRMX_A_34", "", "O", 55.12, 109.84, 0, 180],
		[125, "CRMX_A_35", 3070.41, -828.57, "T", "SMD", "CRMX_A_35", "", "O", 55.12, 109.84, 0, 180],
		[126, "CRMX_A_36", 3149.15, -828.57, "T", "SMD", "3V3", "", "O", 55.12, 109.84, 0, 180],
		[127, "CRMX_A_37", 3227.89, -828.57, "T", "SMD", "GND", "GND", "O", 55.12, 109.84, 0, 180],
		[128, "CRMX_B_1", 1745.76, -756.92, "T", "SMD", "GND_B", "", "R", 39.37, 31.5, 0, 180],
		[129, "CRMX_B_2", 1745.71, -678.18, "T", "SMD", "$1N6027", "", "R", 39.37, 31.5, 0, 180],
		[130, "CRMX_B_3", 1745.71, -599.44, "T", "SMD", "$1N6028", "", "R", 39.37, 31.5, 0, 180],
		[131, "CRMX_B_4", 1745.71, -520.7, "T", "SMD", "CRMX_B_4", "", "R", 39.37, 31.5, 0, 180],
		[132, "CRMX_B_5", 1745.71, -441.96, "T", "SMD", "$1N6113", "", "R", 39.37, 31.5, 0, 180],
		[133, "CRMX_B_6", 1745.76, -363.22, "T", "SMD", "CRMX_B_6", "", "R", 39.37, 31.5, 0, 180],
		[134, "CRMX_B_7", 1745.76, -284.48, "T", "SMD", "GND_B", "", "R", 39.37, 31.5, 0, 180],
		[135, "CRMX_B_8", 1745.71, -205.74, "T", "SMD", "CRMX_B_8", "", "R", 39.37, 31.5, 0, 180],
		[136, "CRMX_B_9", 1676.89, -153.97, "T", "SMD", "GND_B", "", "O", 55.12, 109.84, 0, 180],
		[137, "CRMX_B_10", 1598.15, -153.97, "T", "SMD", "CRMX_B_10", "", "O", 55.12, 109.84, 0, 180],
		[138, "CRMX_B_11", 1519.41, -153.97, "T", "SMD", "CRMX_B_11", "", "O", 55.12, 109.84, 0, 180],
		[139, "CRMX_B_12", 1440.67, -153.97, "T", "SMD", "TX_CRMX_B", "", "O", 55.12, 109.84, 0, 180],
		[140, "CRMX_B_13", 1361.93, -153.97, "T", "SMD", "CRMX_B_13", "", "O", 55.12, 109.84, 0, 180],
		[141, "CRMX_B_14", 1283.19, -153.97, "T", "SMD", "CRMX_B_14", "", "O", 55.12, 109.84, 0, 180],
		[142, "CRMX_B_15", 1204.45, -153.97, "T", "SMD", "CRMX_B_15", "", "O", 55.12, 109.84, 0, 180],
		[143, "CRMX_B_16", 1125.71, -153.97, "T", "SMD", "CRMX_B_16", "", "O", 55.12, 109.84, 0, 180],
		[144, "CRMX_B_17", 1046.97, -153.97, "T", "SMD", "CRMX_B_17", "", "O", 55.12, 109.84, 0, 180],
		[145, "CRMX_B_18", 968.23, -153.97, "T", "SMD", "CRMX_B_18", "", "O", 55.12, 109.84, 0, 180],
		[146, "CRMX_B_19", 889.49, -153.97, "T", "SMD", "CRMX_B_19", "", "O", 55.12, 109.84, 0, 180],
		[147, "CRMX_B_20", 810.75, -153.97, "T", "SMD", "CRMX_B_20", "", "O", 55.12, 109.84, 0, 180],
		[148, "CRMX_B_21", 732.01, -153.97, "T", "SMD", "CRMX_B_21", "", "O", 55.12, 109.84, 0, 180],
		[149, "CRMX_B_22", 653.27, -153.97, "T", "SMD", "GND_B", "", "O", 55.12, 109.84, 0, 180],
		[150, "CRMX_B_23", 574.53, -153.97, "T", "SMD", "GND_B", "", "O", 55.12, 109.84, 0, 180],
		[151, "CRMX_B_24", 527.28, -205.74, "T", "SMD", "GND_B", "", "R", 39.37, 31.5, 0, 180],
		[152, "CRMX_B_25", 527.28, -571.88, "T", "SMD", "GND_B", "", "R", 39.37, 31.5, 0, 180],
		[153, "CRMX_B_26", 810.75, -828.57, "T", "SMD", "GND_B", "", "O", 55.12, 109.84, 0, 180],
		[154, "CRMX_B_27", 889.49, -828.57, "T", "SMD", "GND_B", "", "O", 55.12, 109.84, 0, 180],
		[155, "CRMX_B_28", 968.23, -828.57, "T", "SMD", "CRMX_B_28", "", "O", 55.12, 109.84, 0, 180],
		[156, "CRMX_B_29", 1046.97, -828.57, "T", "SMD", "CRMX_B_29", "", "O", 55.12, 109.84, 0, 180],
		[157, "CRMX_B_30", 1125.71, -828.57, "T", "SMD", "GND_B", "", "O", 55.12, 109.84, 0, 180],
		[158, "CRMX_B_31", 1204.45, -828.57, "T", "SMD", "CRMX_B_31", "", "O", 55.12, 109.84, 0, 180],
		[159, "CRMX_B_32", 1283.19, -828.57, "T", "SMD", "$1N18142", "", "O", 55.12, 109.84, 0, 180],
		[160, "CRMX_B_33", 1361.93, -828.57, "T", "SMD", "$1N2392", "", "O", 55.12, 109.84, 0, 180],
		[161, "CRMX_B_34", 1440.67, -828.57, "T", "SMD", "CRMX_B_34", "", "O", 55.12, 109.84, 0, 180],
		[162, "CRMX_B_35", 1519.41, -828.57, "T", "SMD", "CRMX_B_35", "", "O", 55.12, 109.84, 0, 180],
		[163, "CRMX_B_36", 1598.15, -828.57, "T", "SMD", "3V3", "", "O", 55.12, 109.84, 0, 180],
		[164, "CRMX_B_37", 1676.89, -828.57, "T", "SMD", "GND_B", "", "O", 55.12, 109.84, 0, 180],
		[165, "D1_1", 320, -1716.54, "T", "SMD", "GND", "GND", "R", 11.81, 23.62, 0, 270],
		[166, "D1_2", 320, -1742.13, "T", "SMD", "USB1_D+", "", "R", 11.81, 23.62, 0, 270],
		[167, "D2_1", 320, -1874.8, "T", "SMD", "GND", "GND", "R", 11.81, 23.62, 0, 90],
		[168, "D2_2", 320, -1849.2, "T", "SMD", "$1N199", "", "R", 11.81, 23.62, 0, 90],
		[169, "D3_1", 320, -1571.2, "T", "SMD", "GND", "GND", "R", 11.81, 23.62, 0, 270],
		[170, "D3_2", 320, -1596.8, "T", "SMD", "$1N130", "", "R", 11.81, 23.62, 0, 270],
		[171, "D4_1", 320, -1675.8, "T", "SMD", "+5V", "", "R", 11.81, 23.62, 0, 90],
		[172, "D4_2", 320, -1650.2, "T", "SMD", "GND", "GND", "R", 11.81, 23.62, 0, 90],
		[173, "D5_1", 274, -395.79, "T", "SMD", "GND_B", "", "R", 11.81, 23.62, 0, 90],
		[174, "D5_2", 274, -370.2, "T", "SMD", "$1N82", "", "R", 11.81, 23.62, 0, 90],
		[175, "D6_1", 3549, -397.79, "T", "SMD", "GND", "GND", "R", 11.81, 23.62, 0, 90],
		[176, "D6_2", 3549, -372.21, "T", "SMD", "$1N83", "", "R", 11.81, 23.62, 0, 90],
		[177, "D7_1", 258, -929.21, "T", "SMD", "GND_B", "", "R", 11.81, 23.62, 0, 270],
		[178, "D7_2", 258, -954.8, "T", "SMD", "$1N18142", "", "R", 11.81, 23.62, 0, 270],
		[179, "D8_1", 3503, -1860.2, "T", "SMD", "+5V", "", "R", 11.81, 23.62, 0, 270],
		[180, "D8_2", 3503, -1885.8, "T", "SMD", "GND", "GND", "R", 11.81, 23.62, 0, 270],
		[181, "D9_1", 199, -1355.8, "T", "SMD", "GND", "GND", "R", 11.81, 23.62, 0, 90],
		[182, "D9_2", 199, -1330.2, "T", "SMD", "$1N69", "", "R", 11.81, 23.62, 0, 90],
		[183, "D10_1", 3555.24, -945.05, "T", "SMD", "$1N18131", "", "R", 11.81, 23.62, 0, 90],
		[184, "D10_2", 3555.24, -919.46, "T", "SMD", "GND", "GND", "R", 11.81, 23.62, 0, 90],
		[185, "D11_1", 3503.17, -1971.45, "T", "SMD", "GND", "GND", "R", 11.81, 23.62, 0, 90],
		[186, "D11_2", 3503.17, -1945.86, "T", "SMD", "$1N159", "", "R", 11.81, 23.62, 0, 90],
		[187, "D12_1", 3502, -1650.2, "T", "SMD", "GND", "GND", "R", 11.81, 23.62, 0, 270],
		[188, "D12_2", 3502, -1675.8, "T", "SMD", "$1N2397", "", "R", 11.81, 23.62, 0, 270],
		[189, "D13_1", 3502, -1811.8, "T", "SMD", "GND", "GND", "R", 11.81, 23.62, 0, 90],
		[190, "D13_2", 3502, -1786.2, "T", "SMD", "USB0_D+", "", "R", 11.81, 23.62, 0, 90],
		[191, "D14_1", 3502, -1719.2, "T", "SMD", "GND", "GND", "R", 11.81, 23.62, 0, 270],
		[192, "D14_2", 3502, -1744.8, "T", "SMD", "USB0_D-", "", "R", 11.81, 23.62, 0, 270],
		[193, "D16_1", 320, -1809.46, "T", "SMD", "GND", "GND", "R", 11.81, 23.62, 0, 90],
		[194, "D16_2", 320, -1783.87, "T", "SMD", "USB1_D-", "", "R", 11.81, 23.62, 0, 90],
		[195, "ESP-07S_1", 2596.41, -1736.38, "T", "SMD", "$1N77", "", "R", 57.68, 44.09, 0, 90],
		[196, "ESP-07S_2", 2675.15, -1736.38, "T", "SMD", "ESP-07S_2", "", "R", 57.68, 44.09, 0, 90],
		[197, "ESP-07S_3", 2753.89, -1736.38, "T", "SMD", "$1N76", "", "R", 57.68, 44.09, 0, 90],
		[198, "ESP-07S_4", 2832.63, -1736.38, "T", "SMD", "ENABLE_CRMX_B", "", "R", 57.68, 44.09, 0, 90],
		[199, "ESP-07S_5", 2911.37, -1736.38, "T", "SMD", "SCLK", "", "R", 57.68, 44.09, 0, 90],
		[200, "ESP-07S_6", 2990.11, -1736.38, "T", "SMD", "MISO", "", "R", 57.68, 44.09, 0, 90],
		[201, "ESP-07S_7", 3068.85, -1736.38, "T", "SMD", "MOSI", "", "R", 57.68, 44.09, 0, 90],
		[202, "ESP-07S_8", 3147.59, -1736.38, "T", "SMD", "3V3", "", "R", 57.68, 44.09, 0, 90],
		[203, "ESP-07S_9", 3147.59, -1121.62, "T", "SMD", "GND", "GND", "R", 57.68, 44.09, 0, 90],
		[204, "ESP-07S_10", 3068.85, -1121.62, "T", "SMD", "$1N79", "", "R", 57.68, 44.09, 0, 90],
		[205, "ESP-07S_11", 2990.11, -1121.62, "T", "SMD", "$1N63", "", "R", 57.68, 44.09, 0, 90],
		[206, "ESP-07S_12", 2911.37, -1121.62, "T", "SMD", "SCS", "", "R", 57.68, 44.09, 0, 90],
		[207, "ESP-07S_13", 2832.63, -1121.62, "T", "SMD", "$1N69", "", "R", 57.68, 44.09, 0, 90],
		[208, "ESP-07S_14", 2753.89, -1121.62, "T", "SMD", "SPI_RESET", "", "R", 57.68, 44.09, 0, 90],
		[209, "ESP-07S_15", 2675.15, -1121.62, "T", "SMD", "ESP-07S_15", "", "R", 57.68, 44.09, 0, 90],
		[210, "ESP-07S_16", 2596.41, -1121.62, "T", "SMD", "$1N78", "", "R", 57.68, 44.09, 0, 90],
		[211, "ESP-07S_17", 2810.98, -1411.28, "T", "SMD", "GND", "GND", "R", 145.67, 145.67, 0, 90],
		[212, "G_3_5_1", 3527.92, -1486.55, "T", "SMD", "GND", "GND", "R", 98.42, 43.31, 0, 0],
		[213, "G_3_5_2", 3527.92, -1396, "T", "SMD", "3V3", "", "R", 98.42, 43.31, 0, 0],
		[214, "G_3_5_3", 3527.92, -1305.45, "T", "SMD", "+5V", "", "R", 98.42, 43.31, 0, 0],
		[215, "G_3_5_4", 3294.07, -1396, "T", "SMD", "3V3", "", "R", 92.13, 141.73, 0, 0],
		[216, "HUB_1", 914, -1275, "T", "SMD", "HUB_1", "", "O", 23.62, 70.87, 0, 0],
		[217, "HUB_2", 864, -1275, "T", "SMD", "HUB_2", "", "O", 23.62, 70.87, 0, 0],
		[218, "HUB_3", 814, -1275, "T", "SMD", "USB3_D-", "", "O", 23.62, 70.87, 0, 0],
		[219, "HUB_4", 764, -1275, "T", "SMD", "USB3_D+", "", "O", 23.62, 70.87, 0, 0],
		[220, "HUB_5", 714, -1275, "T", "SMD", "HUB_5", "", "O", 23.62, 70.87, 0, 0],
		[221, "HUB_6", 664, -1275, "T", "SMD", "HUB_6", "", "O", 23.62, 70.87, 0, 0],
		[222, "HUB_7", 614, -1275, "T", "SMD", "USB1_D-", "", "O", 23.62, 70.87, 0, 0],
		[223, "HUB_8", 564, -1275, "T", "SMD", "USB1_D+", "", "O", 23.62, 70.87, 0, 0],
		[224, "HUB_9", 564, -1509, "T", "SMD", "USB0_D-", "", "O", 23.62, 70.87, 0, 0],
		[225, "HUB_10", 614, -1509, "T", "SMD", "USB0_D+", "", "O", 23.62, 70.87, 0, 0],
		[226, "HUB_11", 664, -1509, "T", "SMD", "+5V", "", "O", 23.62, 70.87, 0, 0],
		[227, "HUB_12", 714, -1509, "T", "SMD", "GND", "GND", "O", 23.62, 70.87, 0, 0],
		[228, "HUB_13", 764, -1509, "T", "SMD", "$1N42", "", "O", 23.62, 70.87, 0, 0],
		[229, "HUB_14", 814, -1509, "T", "SMD", "$1N168", "", "O", 23.62, 70.87, 0, 0],
		[230, "HUB_15", 864, -1509, "T", "SMD", "$1N170", "", "O", 23.62, 70.87, 0, 0],
		[231, "HUB_16", 914, -1509, "T", "SMD", "$1N39", "", "O", 23.62, 70.87, 0, 0],
		[232, "IPAD_13", 3586.84, -1935.08, "T", "DIP", "GND", "GND", "O", 39.37, 82.68, 66.93, 90],
		[233, "IPAD_13", 3586.84, -1935.08, "B", "DIP", "GND", "GND", "O", 39.37, 82.68, 66.93, 90],
		[234, "IPAD_14", 3586.84, -1594.92, "T", "DIP", "GND", "GND", "O", 39.37, 82.68, 66.93, 90],
		[235, "IPAD_14", 3586.84, -1594.92, "B", "DIP", "GND", "GND", "O", 39.37, 82.68, 66.93, 90],
		[236, "IPAD_15", 3751.41, -1935.08, "T", "DIP", "GND", "GND", "O", 39.37, 70.87, 55.12, 90],
		[237, "IPAD_15", 3751.41, -1935.08, "B", "DIP", "GND", "GND", "O", 39.37, 70.87, 55.12, 90],
		[238, "IPAD_16", 3751.41, -1594.92, "T", "DIP", "GND", "GND", "O", 39.37, 70.87, 55.12, 90],
		[239, "IPAD_16", 3751.41, -1594.92, "B", "DIP", "GND", "GND", "O", 39.37, 70.87, 55.12, 90],
		[240, "IPAD_A1B12", 3564.59, -1890.98, "T", "SMD", "GND", "GND", "R", 23.62, 45.28, 0, 90],
		[241, "IPAD_A4B9", 3564.59, -1859.49, "T", "SMD", "+5V", "", "R", 23.62, 45.28, 0, 90],
		[242, "IPAD_A5", 3564.59, -1814.21, "T", "SMD", "$1N159", "", "R", 11.81, 45.28, 0, 90],
		[243, "IPAD_A6", 3564.59, -1774.84, "T", "SMD", "USB0_D+", "", "R", 11.81, 45.28, 0, 90],
		[244, "IPAD_A7", 3564.59, -1755.16, "T", "SMD", "USB0_D-", "", "R", 11.81, 45.28, 0, 90],
		[245, "IPAD_A8", 3564.59, -1715.79, "T", "SMD", "IPAD_A8", "", "R", 11.81, 45.28, 0, 90],
		[246, "IPAD_B1A12", 3564.59, -1639.02, "T", "SMD", "GND", "GND", "R", 23.62, 45.28, 0, 90],
		[247, "IPAD_B4A9", 3564.59, -1670.51, "T", "SMD", "+5V", "", "R", 23.62, 45.28, 0, 90],
		[248, "IPAD_B5", 3564.59, -1696.1, "T", "SMD", "$1N2397", "", "R", 11.81, 45.28, 0, 90],
		[249, "IPAD_B6", 3564.59, -1735.47, "T", "SMD", "USB0_D+", "", "R", 11.81, 45.28, 0, 90],
		[250, "IPAD_B7", 3564.59, -1794.53, "T", "SMD", "USB0_D-", "", "R", 11.81, 45.28, 0, 90],
		[251, "IPAD_B8", 3564.59, -1833.9, "T", "SMD", "IPAD_B8", "", "R", 11.81, 45.28, 0, 90],
		[252, "LED_A_1", 3652.76, -155.51, "T", "SMD", "GND", "GND", "R", 38.98, 31.5, 0, 270],
		[253, "LED_A_2", 3731.1, -155.51, "T", "SMD", "$1N211", "", "R", 38.98, 31.5, 0, 270],
		[254, "LED_B_1", 166.14, -155.51, "T", "SMD", "GND_B", "", "R", 38.98, 31.5, 0, 90],
		[255, "LED_B_2", 87.8, -155.51, "T", "SMD", "$1N210", "", "R", 38.98, 31.5, 0, 90],
		[256, "MIDI_13", 233.16, -1594.92, "T", "DIP", "GND", "GND", "O", 39.37, 82.68, 66.93, 270],
		[257, "MIDI_13", 233.16, -1594.92, "B", "DIP", "GND", "GND", "O", 39.37, 82.68, 66.93, 270],
		[258, "MIDI_14", 233.17, -1935.08, "T", "DIP", "GND", "GND", "O", 39.37, 82.68, 66.93, 270],
		[259, "MIDI_14", 233.17, -1935.08, "B", "DIP", "GND", "GND", "O", 39.37, 82.68, 66.93, 270],
		[260, "MIDI_15", 68.59, -1594.92, "T", "DIP", "GND", "GND", "O", 39.37, 70.87, 55.12, 270],
		[261, "MIDI_15", 68.59, -1594.92, "B", "DIP", "GND", "GND", "O", 39.37, 70.87, 55.12, 270],
		[262, "MIDI_16", 68.6, -1935.08, "T", "DIP", "GND", "GND", "O", 39.37, 70.87, 55.12, 270],
		[263, "MIDI_16", 68.6, -1935.08, "B", "DIP", "GND", "GND", "O", 39.37, 70.87, 55.12, 270],
		[264, "MIDI_A1B12", 255.41, -1639.02, "T", "SMD", "GND", "GND", "R", 23.62, 45.28, 0, 270],
		[265, "MIDI_A4B9", 255.41, -1670.51, "T", "SMD", "+5V", "", "R", 23.62, 45.28, 0, 270],
		[266, "MIDI_A5", 255.41, -1715.79, "T", "SMD", "$1N130", "", "R", 11.81, 45.28, 0, 270],
		[267, "MIDI_A6", 255.41, -1755.16, "T", "SMD", "USB1_D+", "", "R", 11.81, 45.28, 0, 270],
		[268, "MIDI_A7", 255.41, -1774.84, "T", "SMD", "USB1_D-", "", "R", 11.81, 45.28, 0, 270],
		[269, "MIDI_A8", 255.41, -1814.21, "T", "SMD", "MIDI_A8", "", "R", 11.81, 45.28, 0, 270],
		[270, "MIDI_B1A12", 255.41, -1890.98, "T", "SMD", "GND", "GND", "R", 23.62, 45.28, 0, 270],
		[271, "MIDI_B4A9", 255.41, -1859.49, "T", "SMD", "+5V", "", "R", 23.62, 45.28, 0, 270],
		[272, "MIDI_B5", 255.41, -1833.9, "T", "SMD", "$1N199", "", "R", 11.81, 45.28, 0, 270],
		[273, "MIDI_B6", 255.41, -1794.53, "T", "SMD", "USB1_D+", "", "R", 11.81, 45.28, 0, 270],
		[274, "MIDI_B7", 255.41, -1735.47, "T", "SMD", "USB1_D-", "", "R", 11.81, 45.28, 0, 270],
		[275, "MIDI_B8", 255.41, -1696.1, "T", "SMD", "MIDI_B8", "", "R", 11.81, 45.28, 0, 270],
		[276, "NPN_1", 1929.37, -814.4, "T", "SMD", "$1N2396", "", "R", 49.21, 27.56, 0, 0],
		[277, "NPN_2", 1929.37, -739.6, "T", "SMD", "GND", "GND", "R", 49.21, 27.56, 0, 0],
		[278, "NPN_3", 1850.63, -777, "T", "SMD", "GND_B", "", "R", 49.21, 27.56, 0, 0],
		[279, "R1_1", 301, -924.96, "T", "SMD", "3V3", "", "R", 22.27, 21.26, 0, 270],
		[280, "R1_2", 301, -959.04, "T", "SMD", "$1N18142", "", "R", 22.27, 21.26, 0, 270],
		[281, "R2_1", 293.96, -139, "T", "SMD", "$1N210", "", "R", 22.27, 21.26, 0, 0],
		[282, "R2_2", 328.04, -139, "T", "SMD", "$1N2392", "", "R", 22.27, 21.26, 0, 0],
		[283, "R3_1", 2545, -1058.04, "T", "SMD", "$1N78", "", "R", 22.27, 21.26, 0, 90],
		[284, "R3_2", 2545, -1023.96, "T", "SMD", "TX_CRMX_A", "", "R", 22.27, 21.26, 0, 90],
		[285, "R4_1", 2956, -1024.96, "T", "SMD", "TX_CRMX_B", "", "R", 22.27, 21.26, 0, 270],
		[286, "R4_2", 2956, -1059.04, "T", "SMD", "$1N63", "", "R", 22.27, 21.26, 0, 270],
		[287, "R5_1", 3451, -1645.96, "T", "SMD", "GND", "GND", "R", 22.27, 21.26, 0, 270],
		[288, "R5_2", 3451, -1680.04, "T", "SMD", "$1N2397", "", "R", 22.27, 21.26, 0, 270],
		[289, "R6_1", 866, -1576.96, "T", "SMD", "$1N170", "", "R", 22.27, 21.26, 0, 270],
		[290, "R6_2", 866, -1611.04, "T", "SMD", "$1N171", "", "R", 22.27, 21.26, 0, 270],
		[291, "R7_1", 1017.6, -1528.23, "T", "SMD", "$1N23", "", "R", 22.27, 21.26, 0, 180],
		[292, "R7_2", 983.52, -1528.23, "T", "SMD", "3V3", "", "R", 22.27, 21.26, 0, 180],
		[293, "R8_1", 3003, -1059.04, "T", "SMD", "$1N63", "", "R", 22.27, 21.26, 0, 90],
		[294, "R8_2", 3003, -1024.96, "T", "SMD", "3V3", "", "R", 22.27, 21.26, 0, 90],
		[295, "R9_1", 3070, -1023.96, "T", "SMD", "GND", "GND", "R", 22.27, 21.26, 0, 270],
		[296, "R9_2", 3070, -1058.04, "T", "SMD", "$1N79", "", "R", 22.27, 21.26, 0, 270],
		[297, "R10_1", 2755, -1844.04, "T", "SMD", "3V3", "", "R", 22.27, 21.26, 0, 90],
		[298, "R10_2", 2755, -1809.96, "T", "SMD", "$1N76", "", "R", 22.27, 21.26, 0, 90],
		[299, "R11_1", 2834, -1844.04, "T", "SMD", "GND", "GND", "R", 22.27, 21.26, 0, 90],
		[300, "R11_2", 2834, -1809.96, "T", "SMD", "ENABLE_CRMX_B", "", "R", 22.27, 21.26, 0, 90],
		[301, "R12_1", 2596, -1058.04, "T", "SMD", "$1N78", "", "R", 22.27, 21.26, 0, 90],
		[302, "R12_2", 2596, -1023.96, "T", "SMD", "3V3", "", "R", 22.27, 21.26, 0, 90],
		[303, "R13_1", 1017.6, -1479.23, "T", "SMD", "$1N31", "", "R", 22.27, 21.26, 0, 180],
		[304, "R13_2", 983.52, -1479.23, "T", "SMD", "3V3", "", "R", 22.27, 21.26, 0, 180],
		[305, "R14_1", 1870.63, -890, "T", "SMD", "$1N2396", "", "R", 44.59, 54.21, 0, 0],
		[306, "R14_2", 1949.37, -890, "T", "SMD", "ENABLE_CRMX_B", "", "R", 44.59, 54.21, 0, 0],
		[307, "R15_1", 3521.04, -151, "T", "SMD", "$1N211", "", "R", 22.27, 21.26, 0, 180],
		[308, "R15_2", 3486.96, -151, "T", "SMD", "$1N2395", "", "R", 22.27, 21.26, 0, 180],
		[309, "R16_1", 1018.6, -1380.23, "T", "SMD", "$1N8", "", "R", 22.27, 21.26, 0, 180],
		[310, "R16_2", 984.52, -1380.23, "T", "SMD", "3V3", "", "R", 22.27, 21.26, 0, 180],
		[311, "R17_1", 3511, -917.96, "T", "SMD", "3V3", "", "R", 22.27, 21.26, 0, 270],
		[312, "R17_2", 3511, -952.04, "T", "SMD", "$1N18131", "", "R", 22.27, 21.26, 0, 270],
		[313, "R18_1", 2188, -1685.04, "T", "SMD", "GND", "GND", "R", 22.27, 21.26, 0, 90],
		[314, "R18_2", 2188, -1650.96, "T", "SMD", "$1N197", "", "R", 22.27, 21.26, 0, 90],
		[315, "R20_1", 2264, -1304.96, "T", "SMD", "SCS", "", "R", 22.27, 21.26, 0, 270],
		[316, "R20_2", 2264, -1339.04, "T", "SMD", "3V3", "", "R", 22.27, 21.26, 0, 270],
		[317, "R21_1", 2263, -1208.04, "T", "SMD", "$1N120", "", "R", 22.27, 21.26, 0, 90],
		[318, "R21_2", 2263, -1173.96, "T", "SMD", "3V3", "", "R", 22.27, 21.26, 0, 90],
		[319, "R22_1", 1497.76, -1563.14, "T", "SMD", "GND", "GND", "R", 31.75, 34.02, 0, 180],
		[320, "R22_2", 1438.44, -1563.14, "T", "SMD", "$1N18", "", "R", 31.75, 34.02, 0, 180],
		[321, "R23_1", 2907.25, -1023.96, "T", "SMD", "GND", "GND", "R", 22.27, 21.26, 0, 270],
		[322, "R23_2", 2907.25, -1058.04, "T", "SMD", "SCS", "", "R", 22.27, 21.26, 0, 270],
		[323, "R24_1", 3461, -1979.04, "T", "SMD", "GND", "GND", "R", 22.27, 21.26, 0, 90],
		[324, "R24_2", 3461, -1944.96, "T", "SMD", "$1N159", "", "R", 22.27, 21.26, 0, 90],
		[325, "R25_1", 2264, -1421.04, "T", "SMD", "XI", "", "R", 22.27, 21.26, 0, 90],
		[326, "R25_2", 2264, -1386.96, "T", "SMD", "XO", "", "R", 22.27, 21.26, 0, 90],
		[327, "R26_1", 361, -1883.2, "T", "SMD", "GND", "GND", "R", 22.27, 21.26, 0, 90],
		[328, "R26_2", 361, -1849.12, "T", "SMD", "$1N199", "", "R", 22.27, 21.26, 0, 90],
		[329, "R27_1", 2598, -1809.96, "T", "SMD", "$1N77", "", "R", 22.27, 21.26, 0, 270],
		[330, "R27_2", 2598, -1844.04, "T", "SMD", "3V3", "", "R", 22.27, 21.26, 0, 270],
		[331, "R28_1", 2754, -1058.04, "T", "SMD", "SPI_RESET", "", "R", 22.27, 21.26, 0, 90],
		[332, "R28_2", 2754, -1023.96, "T", "SMD", "3V3", "", "R", 22.27, 21.26, 0, 90],
		[333, "R29_1", 363, -1570.96, "T", "SMD", "GND", "GND", "R", 22.27, 21.26, 0, 270],
		[334, "R29_2", 363, -1605.04, "T", "SMD", "$1N130", "", "R", 22.27, 21.26, 0, 270],
		[335, "R30_1", 1889, -620.96, "T", "SMD", "$1N6028", "", "R", 22.27, 21.26, 0, 270],
		[336, "R30_2", 1889, -655.04, "T", "SMD", "$1N6027", "", "R", 22.27, 21.26, 0, 270],
		[337, "R31_1", 1889, -441.96, "T", "SMD", "$1N6113", "", "R", 22.27, 21.26, 0, 270],
		[338, "R31_2", 1889, -476.04, "T", "SMD", "GND", "GND", "R", 22.27, 21.26, 0, 270],
		[339, "R32_1", 3399, -623.96, "T", "SMD", "$1N6235", "", "R", 22.27, 21.26, 0, 270],
		[340, "R32_2", 3399, -658.04, "T", "SMD", "$1N6225", "", "R", 22.27, 21.26, 0, 270],
		[341, "R33_1", 3399, -523.96, "T", "SMD", "$1N6238", "", "R", 22.27, 21.26, 0, 270],
		[342, "R33_2", 3399, -558.04, "T", "SMD", "GND", "GND", "R", 22.27, 21.26, 0, 270],
		[343, "R38_1", 1634.04, -1312, "T", "SMD", "TXP", "", "R", 22.27, 21.26, 0, 180],
		[344, "R38_2", 1599.96, -1312, "T", "SMD", "3V3", "", "R", 22.27, 21.26, 0, 180],
		[345, "R39_1", 1599.96, -1267, "T", "SMD", "3V3", "", "R", 22.27, 21.26, 0, 0],
		[346, "R39_2", 1634.04, -1267, "T", "SMD", "TXN", "", "R", 22.27, 21.26, 0, 0],
		[347, "R40_1", 1555.04, -1300, "T", "SMD", "$1N17312", "", "R", 22.27, 21.26, 0, 180],
		[348, "R40_2", 1520.96, -1300, "T", "SMD", "$1N17252", "", "R", 22.27, 21.26, 0, 180],
		[349, "R41_1", 1555.04, -1353, "T", "SMD", "$1N17312", "", "R", 22.27, 21.26, 0, 180],
		[350, "R41_2", 1520.96, -1353, "T", "SMD", "$1N17235", "", "R", 22.27, 21.26, 0, 180],
		[351, "R42_1", 1559.34, -1495, "T", "SMD", "GND", "GND", "R", 31.75, 34.02, 0, 0],
		[352, "R42_2", 1618.66, -1495, "T", "SMD", "$1N96", "", "R", 31.75, 34.02, 0, 0],
		[353, "RN1_1", 1861.86, -1102.29, "T", "SMD", "$1N187", "", "R", 25.59, 31.5, 0, 0],
		[354, "RN1_2", 1893.35, -1102.29, "T", "SMD", "$1N188", "", "R", 19.68, 31.5, 0, 0],
		[355, "RN1_3", 1924.85, -1102.29, "T", "SMD", "$1N189", "", "R", 19.68, 31.5, 0, 0],
		[356, "RN1_4", 1956.34, -1102.29, "T", "SMD", "$1N190", "", "R", 25.59, 31.5, 0, 0],
		[357, "RN1_5", 1956.34, -1031.42, "T", "SMD", "GND", "GND", "R", 25.59, 31.5, 0, 0],
		[358, "RN1_6", 1924.85, -1031.42, "T", "SMD", "3V3", "", "R", 19.68, 31.5, 0, 0],
		[359, "RN1_7", 1893.35, -1031.42, "T", "SMD", "3V3", "", "R", 19.68, 31.5, 0, 0],
		[360, "RN1_8", 1861.86, -1031.42, "T", "SMD", "3V3", "", "R", 25.59, 31.5, 0, 0],
		[361, "RN2_1", 2027.86, -1102.29, "T", "SMD", "$1N191", "", "R", 25.59, 31.5, 0, 0],
		[362, "RN2_2", 2059.35, -1102.29, "T", "SMD", "$1N192", "", "R", 19.68, 31.5, 0, 0],
		[363, "RN2_3", 2090.85, -1102.29, "T", "SMD", "$1N193", "", "R", 19.68, 31.5, 0, 0],
		[364, "RN2_4", 2122.34, -1102.29, "T", "SMD", "$1N194", "", "R", 25.59, 31.5, 0, 0],
		[365, "RN2_5", 2122.34, -1031.42, "T", "SMD", "GND", "GND", "R", 25.59, 31.5, 0, 0],
		[366, "RN2_6", 2090.85, -1031.42, "T", "SMD", "GND", "GND", "R", 19.68, 31.5, 0, 0],
		[367, "RN2_7", 2059.35, -1031.42, "T", "SMD", "GND", "GND", "R", 19.68, 31.5, 0, 0],
		[368, "RN2_8", 2027.86, -1031.42, "T", "SMD", "GND", "GND", "R", 25.59, 31.5, 0, 0],
		[369, "SMA_A_1", 3658, -269.61, "T", "SMD", "GND", "GND", "R", 51.18, 177.16, 0, 270],
		[370, "SMA_A_2", 3658, -470.4, "T", "SMD", "GND", "GND", "R", 51.18, 177.16, 0, 270],
		[371, "SMA_A_3", 3658, -269.61, "B", "SMD", "GND", "GND", "R", 51.18, 177.16, 0, 270],
		[372, "SMA_A_4", 3658, -470.4, "B", "SMD", "GND", "GND", "R", 51.18, 177.16, 0, 270],
		[373, "SMA_A_5", 3658, -370, "T", "SMD", "$1N83", "", "R", 51.18, 177.16, 0, 270],
		[374, "SMA_B_1", 160, -469.39, "T", "SMD", "GND_B", "", "R", 51.18, 177.16, 0, 90],
		[375, "SMA_B_2", 160, -268.6, "T", "SMD", "GND_B", "", "R", 51.18, 177.16, 0, 90],
		[376, "SMA_B_3", 160, -469.39, "B", "SMD", "GND_B", "", "R", 51.18, 177.16, 0, 90],
		[377, "SMA_B_4", 160, -268.6, "B", "SMD", "GND_B", "", "R", 51.18, 177.16, 0, 90],
		[378, "SMA_B_5", 160, -369, "T", "SMD", "$1N82", "", "R", 51.18, 177.16, 0, 90],
		[379, "SR9900A_1", 1269.61, -1451.49, "T", "SMD", "3V3", "", "O", 11.02, 27.56, 0, 270],
		[380, "SR9900A_2", 1269.61, -1431.81, "T", "SMD", "/TXP", "", "O", 11.02, 27.56, 0, 270],
		[381, "SR9900A_3", 1269.61, -1412.12, "T", "SMD", "/TXN", "", "O", 11.02, 27.56, 0, 270],
		[382, "SR9900A_4", 1269.61, -1392.44, "T", "SMD", "/RXP", "", "O", 11.02, 27.56, 0, 270],
		[383, "SR9900A_5", 1269.61, -1372.75, "T", "SMD", "/RXN", "", "O", 11.02, 27.56, 0, 270],
		[384, "SR9900A_6", 1269.61, -1353.07, "T", "SMD", "GND", "GND", "O", 11.02, 27.56, 0, 270],
		[385, "SR9900A_7", 1240.08, -1323.54, "T", "SMD", "USB3_D-", "", "O", 11.02, 27.56, 0, 180],
		[386, "SR9900A_8", 1220.4, -1323.54, "T", "SMD", "USB3_D+", "", "O", 11.02, 27.56, 0, 180],
		[387, "SR9900A_9", 1200.71, -1323.54, "T", "SMD", "1V2_VDD", "", "O", 11.02, 27.56, 0, 180],
		[388, "SR9900A_10", 1181.03, -1323.54, "T", "SMD", "3V3", "", "O", 11.02, 27.56, 0, 180],
		[389, "SR9900A_11", 1161.34, -1323.54, "T", "SMD", "SR9900A_11", "", "O", 11.02, 27.56, 0, 180],
		[390, "SR9900A_12", 1141.66, -1323.54, "T", "SMD", "$1N25", "", "O", 11.02, 27.56, 0, 180],
		[391, "SR9900A_13", 1112.13, -1353.07, "T", "SMD", "3V3", "", "O", 11.02, 27.56, 0, 270],
		[392, "SR9900A_14", 1112.13, -1372.75, "T", "SMD", "$1N8", "", "O", 11.02, 27.56, 0, 270],
		[393, "SR9900A_15", 1112.13, -1392.44, "T", "SMD", "SR9900A_15", "", "O", 11.02, 27.56, 0, 270],
		[394, "SR9900A_16", 1112.13, -1412.12, "T", "SMD", "1V2_VDD", "", "O", 11.02, 27.56, 0, 270],
		[395, "SR9900A_17", 1112.13, -1431.81, "T", "SMD", "SR9900A_17", "", "O", 11.02, 27.56, 0, 270],
		[396, "SR9900A_18", 1112.13, -1451.49, "T", "SMD", "$1N31", "", "O", 11.02, 27.56, 0, 270],
		[397, "SR9900A_19", 1141.66, -1481.02, "T", "SMD", "$1N23", "", "O", 11.02, 27.56, 0, 180],
		[398, "SR9900A_20", 1161.34, -1481.02, "T", "SMD", "SR9900A_20", "", "O", 11.02, 27.56, 0, 180],
		[399, "SR9900A_21", 1181.03, -1481.02, "T", "SMD", "$1N33", "", "O", 11.02, 27.56, 0, 180],
		[400, "SR9900A_22", 1200.71, -1481.02, "T", "SMD", "$1N32", "", "O", 11.02, 27.56, 0, 180],
		[401, "SR9900A_23", 1220.4, -1481.02, "T", "SMD", "1V2_VDD", "", "O", 11.02, 27.56, 0, 180],
		[402, "SR9900A_24", 1240.08, -1481.02, "T", "SMD", "$1N18", "", "O", 11.02, 27.56, 0, 180],
		[403, "SR9900A_25", 1190.87, -1401.78, "T", "SMD", "GND", "GND", "R", 110.24, 110.24, 0, 180],
		[404, "SW_A_1", 3737, -1040, "T", "DIP", "GND", "GND", "C", 66.93, 66.93, 43.31, 90],
		[405, "SW_A_1", 3737, -1040, "B", "DIP", "GND", "GND", "C", 66.93, 66.93, 43.31, 90],
		[406, "SW_A_2", 3737, -840, "T", "DIP", "$1N18131", "", "C", 66.93, 66.93, 43.31, 90],
		[407, "SW_A_2", 3737, -840, "B", "DIP", "$1N18131", "", "C", 66.93, 66.93, 43.31, 90],
		[408, "SW_A_3", 3637, -790, "T", "DIP", "GND", "GND", "C", 78.74, 78.74, 55.12, 90],
		[409, "SW_A_3", 3637, -790, "B", "DIP", "GND", "GND", "C", 78.74, 78.74, 55.12, 90],
		[410, "SW_A_4", 3637, -1090, "T", "DIP", "GND", "GND", "C", 78.74, 78.74, 55.12, 90],
		[411, "SW_A_4", 3637, -1090, "B", "DIP", "GND", "GND", "C", 78.74, 78.74, 55.12, 90],
		[412, "SW_B_1", 82.09, -843.46, "T", "DIP", "GND_B", "", "C", 66.93, 66.93, 43.31, 270],
		[413, "SW_B_1", 82.09, -843.46, "B", "DIP", "GND_B", "", "C", 66.93, 66.93, 43.31, 270],
		[414, "SW_B_2", 82.09, -1043.46, "T", "DIP", "$1N18142", "", "C", 66.93, 66.93, 43.31, 270],
		[415, "SW_B_2", 82.09, -1043.46, "B", "DIP", "$1N18142", "", "C", 66.93, 66.93, 43.31, 270],
		[416, "SW_B_3", 182.09, -1093.46, "T", "DIP", "GND_B", "", "C", 78.74, 78.74, 55.12, 270],
		[417, "SW_B_3", 182.09, -1093.46, "B", "DIP", "GND_B", "", "C", 78.74, 78.74, 55.12, 270],
		[418, "SW_B_4", 182.09, -793.46, "T", "DIP", "GND_B", "", "C", 78.74, 78.74, 55.12, 270],
		[419, "SW_B_4", 182.09, -793.46, "B", "DIP", "GND_B", "", "C", 78.74, 78.74, 55.12, 270],
		[420, "SW_RST_1", 103.38, -1281.77, "T", "SMD", "3V3", "", "R", 29.53, 70.87, 0, 270],
		[421, "SW_RST_2", 103.38, -1330, "T", "SMD", "$1N69", "", "R", 23.62, 70.87, 0, 270],
		[422, "SW_RST_3", 103.38, -1378.23, "T", "SMD", "3V3", "", "R", 29.53, 70.87, 0, 270],
		[423, "SW_RST_4", 26.62, -1257.17, "T", "SMD", "GND", "GND", "R", 51.18, 35.43, 0, 270],
		[424, "SW_RST_5", 26.62, -1402.84, "T", "SMD", "GND", "GND", "R", 51.18, 35.43, 0, 270],
		[425, "UFL_A_1", 3507.02, -373, "T", "SMD", "$1N83", "", "R", 41.34, 39.37, 0, 0],
		[426, "UFL_A_2", 3446.98, -314.93, "T", "SMD", "GND", "GND", "R", 86.61, 41.34, 0, 0],
		[427, "UFL_A_3", 3446.98, -431.07, "T", "SMD", "GND", "GND", "R", 86.61, 41.34, 0, 0],
		[428, "UFL_B_1", 318.98, -370, "T", "SMD", "$1N82", "", "R", 41.34, 39.37, 0, 180],
		[429, "UFL_B_2", 379.02, -428.07, "T", "SMD", "GND_B", "", "R", 86.61, 41.34, 0, 180],
		[430, "UFL_B_3", 379.02, -311.93, "T", "SMD", "GND_B", "", "R", 86.61, 41.34, 0, 180],
		[431, "W5500_1", 1805.78, -1293.58, "T", "SMD", "TXN", "", "O", 10.63, 59.05, 0, 270],
		[432, "W5500_2", 1805.78, -1313.27, "T", "SMD", "TXP", "", "O", 10.63, 59.05, 0, 270],
		[433, "W5500_3", 1805.78, -1332.95, "T", "SMD", "GND", "GND", "O", 10.63, 59.05, 0, 270],
		[434, "W5500_4", 1805.78, -1352.64, "T", "SMD", "3V3", "", "O", 10.63, 59.05, 0, 270],
		[435, "W5500_5", 1805.78, -1372.32, "T", "SMD", "$1N17252", "", "O", 10.63, 59.05, 0, 270],
		[436, "W5500_6", 1805.78, -1392.01, "T", "SMD", "$1N17235", "", "O", 10.63, 59.05, 0, 270],
		[437, "W5500_7", 1805.78, -1411.69, "T", "SMD", "W5500_7", "", "O", 10.63, 59.05, 0, 270],
		[438, "W5500_8", 1805.78, -1431.38, "T", "SMD", "3V3", "", "O", 10.63, 59.05, 0, 270],
		[439, "W5500_9", 1805.78, -1451.06, "T", "SMD", "GND", "GND", "O", 10.63, 59.05, 0, 270],
		[440, "W5500_10", 1805.78, -1470.75, "T", "SMD", "$1N96", "", "O", 10.63, 59.05, 0, 270],
		[441, "W5500_11", 1805.78, -1490.43, "T", "SMD", "3V3", "", "O", 10.63, 59.05, 0, 270],
		[442, "W5500_12", 1805.78, -1510.12, "T", "SMD", "W5500_12", "", "O", 10.63, 59.05, 0, 270],
		[443, "W5500_13", 1864.83, -1569.17, "T", "SMD", "W5500_13", "", "O", 59.05, 10.63, 0, 270],
		[444, "W5500_14", 1884.52, -1569.17, "T", "SMD", "GND", "GND", "O", 59.05, 10.63, 0, 270],
		[445, "W5500_15", 1904.2, -1569.17, "T", "SMD", "3V3", "", "O", 59.05, 10.63, 0, 270],
		[446, "W5500_16", 1923.89, -1569.17, "T", "SMD", "GND", "GND", "O", 59.05, 10.63, 0, 270],
		[447, "W5500_17", 1943.57, -1569.17, "T", "SMD", "3V3", "", "O", 59.05, 10.63, 0, 270],
		[448, "W5500_18", 1963.26, -1569.17, "T", "SMD", "W5500_18", "", "O", 59.05, 10.63, 0, 270],
		[449, "W5500_19", 1982.94, -1569.17, "T", "SMD", "GND", "GND", "O", 59.05, 10.63, 0, 270],
		[450, "W5500_20", 2002.63, -1569.17, "T", "SMD", "3V3", "", "O", 59.05, 10.63, 0, 270],
		[451, "W5500_21", 2022.31, -1569.17, "T", "SMD", "3V3", "", "O", 59.05, 10.63, 0, 270],
		[452, "W5500_22", 2042, -1569.17, "T", "SMD", "$1N108", "", "O", 59.05, 10.63, 0, 270],
		[453, "W5500_23", 2061.68, -1569.17, "T", "SMD", "$1N197", "", "O", 59.05, 10.63, 0, 270],
		[454, "W5500_24", 2081.37, -1569.17, "T", "SMD", "W5500_24", "", "O", 59.05, 10.63, 0, 270],
		[455, "W5500_25", 2140.42, -1510.12, "T", "SMD", "W5500_25", "", "O", 10.63, 59.05, 0, 270],
		[456, "W5500_26", 2140.42, -1490.43, "T", "SMD", "W5500_26", "", "O", 10.63, 59.05, 0, 270],
		[457, "W5500_27", 2140.42, -1470.75, "T", "SMD", "W5500_27", "", "O", 10.63, 59.05, 0, 270],
		[458, "W5500_28", 2140.42, -1451.06, "T", "SMD", "3V3", "", "O", 10.63, 59.05, 0, 270],
		[459, "W5500_29", 2140.42, -1431.38, "T", "SMD", "GND", "GND", "O", 10.63, 59.05, 0, 270],
		[460, "W5500_30", 2140.42, -1411.69, "T", "SMD", "XI", "", "O", 10.63, 59.05, 0, 270],
		[461, "W5500_31", 2140.42, -1392.01, "T", "SMD", "XO", "", "O", 10.63, 59.05, 0, 270],
		[462, "W5500_32", 2140.42, -1372.32, "T", "SMD", "SCS", "", "O", 10.63, 59.05, 0, 270],
		[463, "W5500_33", 2140.42, -1352.64, "T", "SMD", "SCLK", "", "O", 10.63, 59.05, 0, 270],
		[464, "W5500_34", 2140.42, -1332.95, "T", "SMD", "MISO", "", "O", 10.63, 59.05, 0, 270],
		[465, "W5500_35", 2140.42, -1313.27, "T", "SMD", "MOSI", "", "O", 10.63, 59.05, 0, 270],
		[466, "W5500_36", 2140.42, -1293.58, "T", "SMD", "$1N120", "", "O", 10.63, 59.05, 0, 270],
		[467, "W5500_37", 2081.37, -1234.53, "T", "SMD", "SPI_RESET", "", "O", 59.05, 10.63, 0, 270],
		[468, "W5500_38", 2061.68, -1234.53, "T", "SMD", "$1N194", "", "O", 59.05, 10.63, 0, 270],
		[469, "W5500_39", 2042, -1234.53, "T", "SMD", "$1N193", "", "O", 59.05, 10.63, 0, 270],
		[470, "W5500_40", 2022.31, -1234.53, "T", "SMD", "$1N192", "", "O", 59.05, 10.63, 0, 270],
		[471, "W5500_41", 2002.63, -1234.53, "T", "SMD", "$1N191", "", "O", 59.05, 10.63, 0, 270],
		[472, "W5500_42", 1982.94, -1234.53, "T", "SMD", "$1N190", "", "O", 59.05, 10.63, 0, 270],
		[473, "W5500_43", 1963.26, -1234.53, "T", "SMD", "$1N189", "", "O", 59.05, 10.63, 0, 270],
		[474, "W5500_44", 1943.57, -1234.53, "T", "SMD", "$1N188", "", "O", 59.05, 10.63, 0, 270],
		[475, "W5500_45", 1923.89, -1234.53, "T", "SMD", "$1N187", "", "O", 59.05, 10.63, 0, 270],
		[476, "W5500_46", 1904.2, -1234.53, "T", "SMD", "W5500_46", "", "O", 59.05, 10.63, 0, 270],
		[477, "W5500_47", 1884.52, -1234.53, "T", "SMD", "W5500_47", "", "O", 59.05, 10.63, 0, 270],
		[478, "W5500_48", 1864.83, -1234.53, "T", "SMD", "GND", "GND", "O", 59.05, 10.63, 0, 270],
		[479, "X_HUB_1", 943.79, -1755.65, "T", "SMD", "$1N39", "", "R", 55.12, 47.24, 0, 180],
		[480, "X_HUB_2", 857.17, -1755.65, "T", "SMD", "GND", "GND", "R", 55.12, 47.24, 0, 180],
		[481, "X_HUB_3", 857.17, -1824.55, "T", "SMD", "$1N171", "", "R", 55.12, 47.24, 0, 180],
		[482, "X_HUB_4", 943.79, -1824.55, "T", "SMD", "GND", "GND", "R", 55.12, 47.24, 0, 180],
		[483, "X_SR9900A_1", 1234.31, -1600.55, "T", "SMD", "$1N32", "", "R", 55.12, 47.24, 0, 180],
		[484, "X_SR9900A_2", 1147.69, -1600.55, "T", "SMD", "GND", "GND", "R", 55.12, 47.24, 0, 180],
		[485, "X_SR9900A_3", 1147.69, -1669.45, "T", "SMD", "$1N33", "", "R", 55.12, 47.24, 0, 180],
		[486, "X_SR9900A_4", 1234.31, -1669.45, "T", "SMD", "GND", "GND", "R", 55.12, 47.24, 0, 180],
		[487, "X_W5_1", 2450.45, -1450.31, "T", "SMD", "XI", "", "R", 55.12, 47.24, 0, 90],
		[488, "X_W5_2", 2450.45, -1363.69, "T", "SMD", "GND", "GND", "R", 55.12, 47.24, 0, 90],
		[489, "X_W5_3", 2381.55, -1363.69, "T", "SMD", "XO", "", "R", 55.12, 47.24, 0, 90],
		[490, "X_W5_4", 2381.55, -1450.31, "T", "SMD", "GND", "GND", "R", 55.12, 47.24, 0, 90]
	]
}
}